Алексей Букреев;Игроки;James Wade;Jonny Clayton;Danny Noppert;Jermaine Wattimena;Cameron Menzies;Rob Cross;Niels Zonneveld;Dirk van Duijvenbode;Sebastian Bialecki;William O'Connor;Maik Kuivenhoven
Алексей Букреев;Стоимость игроков;21,8;21,0;18,4;16,0;13,4;13,0;11,9;11,2;9,1;8,9;5,3;150,0
Алексей Букреев;Очки игроков;0,0;0,0;0,0;0,0;0,0;0,0;0,0;0,0;0,0;0,0;0,0;0,0
Олег Ермаков;Игроки;Luke Humphries;Wessel Nijman;Jonny Clayton;Danny Noppert;Dirk van Duijvenbode;Jeffrey de Graaf;William O'Connor;Mensur Suljovic;Tom Bissell;Alan Soutar;Rob Owen
Олег Ермаков;Стоимость игроков;30,0;25,1;21,0;18,4;11,2;9,0;8,9;8,2;6,7;6,1;5,4;150,0
Олег Ермаков;Очки игроков;0,0;0,0;0,0;0,0;0,0;0,0;0,0;0,0;0,0;0,0;0,0;0,0
Антон Жеребицкий;Игроки;Luke Humphries;Jonny Clayton;Chris Dobey;Ryan Searle;Jermaine Wattimena;Kevin Doets;Niels Zonneveld;William O'Connor;Cristo Reyes;Maik Kuivenhoven;Mario Vandenbogaerde
Антон Жеребицкий;Стоимость игроков;30,0;21,0;16,9;16,3;16,0;12,2;11,9;8,9;7,5;5,3;4,0;150,0
Антон Жеребицкий;Очки игроков;0,0;0,0;0,0;0,0;0,0;0,0;0,0;0,0;0,0;0,0;0,0;0,0
Евгений Крутиков;Игроки;Gian van Veen;James Wade;Danny Noppert;Josh Rock;Jermaine Wattimena;Cameron Menzies;Kevin Doets;Karel Sedlacek;Raymond van Barneveld;Bradley Brooks;Mario Vandenbogaerde
Евгений Крутиков;Стоимость игроков;25,7;21,8;18,4;18,0;16,0;13,4;12,2;8,3;7,6;4,6;4,0;150,0
Евгений Крутиков;Очки игроков;0,0;0,0;0,0;0,0;0,0;0,0;0,0;0,0;0,0;0,0;0,0;0,0
Александр Кудалин;Игроки;Gian van Veen;James Wade;Stephen Bunting;Luke Woodhouse;Martin Schindler;Rob Cross;Andrew Gilding;Dave Chisnall;William O'Connor;Maik Kuivenhoven;Gyorgy Jehirszki
Александр Кудалин;Стоимость игроков;25,7;21,8;18,7;17,5;14,8;13,0;10,6;9,8;8,9;5,3;3,9;150,0
Александр Кудалин;Очки игроков;0,0;0,0;0,0;0,0;0,0;0,0;0,0;0,0;0,0;0,0;0,0;0,0
Александр Матвиенко;Игроки;Luke Humphries;Gian van Veen;Ross Smith;Jonny Clayton;Niels Zonneveld;Dirk van Duijvenbode;Karel Sedlacek;Tom Bissell;Maik Kuivenhoven;Mario Vandenbogaerde;Roman Wellinger
Александр Матвиенко;Стоимость игроков;30,0;25,7;22,9;21,0;11,9;11,2;8,3;6,7;5,3;4,0;3,0;150,0
Александр Матвиенко;Очки игроков;0,0;0,0;0,0;0,0;0,0;0,0;0,0;0,0;0,0;0,0;0,0;0,0
Николай Нарышкин;Игроки;Ross Smith;James Wade;Jonny Clayton;Josh Rock;Cameron Menzies;Kevin Doets;Niko Springer;Jeffrey de Graaf;Karel Sedlacek;Tom Bissell;Rob Owen
Николай Нарышкин;Стоимость игроков;22,9;21,8;21,0;18,0;13,4;12,2;11,3;9,0;8,3;6,7;5,4;150,0
Николай Нарышкин;Очки игроков;0,0;0,0;0,0;0,0;0,0;0,0;0,0;0,0;0,0;0,0;0,0;0,0
Леонид Бурнашов;Игроки;Luke Humphries;James Wade;Jonny Clayton;Josh Rock;Martin Schindler;Niels Zonneveld;Andrew Gilding;Jeffrey de Graaf;Rob Owen;Gyorgy Jehirszki;Jani Haavisto
Леонид Бурнашов;Стоимость игроков;30,0;21,8;21,0;18,0;14,8;11,9;10,6;9,0;5,4;3,9;3,5;149,9
Леонид Бурнашов;Очки игроков;0,0;0,0;0,0;0,0;0,0;0,0;0,0;0,0;0,0;0,0;0,0;0,0
Егор Ее;Игроки;Luke Humphries;Gian van Veen;James Wade;Jonny Clayton;Rob Cross;Niels Zonneveld;Jeffrey de Graaf;Mensur Suljovic;Alex Fehlmann;Bruno Stockli;Roman Wellinger
Егор Ее;Стоимость игроков;30,0;25,7;21,8;21,0;13,0;11,9;9,0;8,2;3,2;3,1;3,0;149,9
Егор Ее;Очки игроков;0,0;0,0;0,0;0,0;0,0;0,0;0,0;0,0;0,0;0,0;0,0;0,0
Ярослав Кирюшкин;Игроки;Luke Humphries;Ross Smith;Ryan Searle;Krzysztof Ratajski;Cameron Menzies;Rob Cross;Niels Zonneveld;Dirk van Duijvenbode;Karel Sedlacek;Maik Kuivenhoven;Jani Haavisto
Ярослав Кирюшкин;Стоимость игроков;30,0;22,9;16,3;14,1;13,4;13,0;11,9;11,2;8,3;5,3;3,5;149,9
Ярослав Кирюшкин;Очки игроков;0,0;0,0;0,0;0,0;0,0;0,0;0,0;0,0;0,0;0,0;0,0;0,0
Валерий Соболевский;Игроки;Luke Humphries;James Wade;Jonny Clayton;Danny Noppert;Josh Rock;Niels Zonneveld;Niko Springer;Rob Owen;Nick Kenny;Mario Vandenbogaerde;Gyorgy Jehirszki
Валерий Соболевский;Стоимость игроков;30,0;21,8;21,0;18,4;18,0;11,9;11,3;5,4;4,2;4,0;3,9;149,9
Валерий Соболевский;Очки игроков;0,0;0,0;0,0;0,0;0,0;0,0;0,0;0,0;0,0;0,0;0,0;0,0
Павел Соколов;Игроки;James Wade;Jonny Clayton;Michael van Gerwen;Stephen Bunting;Ryan Searle;Damon Heta;Niels Zonneveld;Andrew Gilding;William O'Connor;Rob Owen;Mario Vandenbogaerde
Павел Соколов;Стоимость игроков;21,8;21,0;19,2;18,7;16,3;12,1;11,9;10,6;8,9;5,4;4,0;149,9
Павел Соколов;Очки игроков;0,0;0,0;0,0;0,0;0,0;0,0;0,0;0,0;0,0;0,0;0,0;0,0
Сергей Шамин;Игроки;Wessel Nijman;Ross Smith;Jonny Clayton;Luke Woodhouse;Jermaine Wattimena;Kevin Doets;Sebastian Bialecki;Karel Sedlacek;Cristo Reyes;Alan Soutar;Nick Kenny
Сергей Шамин;Стоимость игроков;25,1;22,9;21,0;17,5;16,0;12,2;9,1;8,3;7,5;6,1;4,2;149,9
Сергей Шамин;Очки игроков;0,0;0,0;0,0;0,0;0,0;0,0;0,0;0,0;0,0;0,0;0,0;0,0
Григорий Адамов;Игроки;Gian van Veen;James Wade;Jonny Clayton;Josh Rock;Cameron Menzies;Damon Heta;Niels Zonneveld;Joe Cullen;Tom Bissell;Rob Owen;Jani Haavisto
Григорий Адамов;Стоимость игроков;25,7;21,8;21,0;18,0;13,4;12,1;11,9;10,3;6,7;5,4;3,5;149,8
Григорий Адамов;Очки игроков;0,0;0,0;0,0;0,0;0,0;0,0;0,0;0,0;0,0;0,0;0,0;0,0
Наташа Кириллова;Игроки;Gian van Veen;James Wade;Jonny Clayton;Jermaine Wattimena;Kevin Doets;Niels Zonneveld;Sebastian Bialecki;Jeffrey de Graaf;William O'Connor;Cristo Reyes;Tom Bissell
Наташа Кириллова;Стоимость игроков;25,7;21,8;21,0;16,0;12,2;11,9;9,1;9,0;8,9;7,5;6,7;149,8
Наташа Кириллова;Очки игроков;0,0;0,0;0,0;0,0;0,0;0,0;0,0;0,0;0,0;0,0;0,0;0,0
Александр Кирюшкин;Игроки;Luke Humphries;Gian van Veen;Wessel Nijman;Josh Rock;Cameron Menzies;Andrew Gilding;William O'Connor;Stefan Bellmont;Maik Kuivenhoven;Nick Kenny;Bruno Stockli
Александр Кирюшкин;Стоимость игроков;30,0;25,7;25,1;18,0;13,4;10,6;8,9;5,5;5,3;4,2;3,1;149,8
Александр Кирюшкин;Очки игроков;0,0;0,0;0,0;0,0;0,0;0,0;0,0;0,0;0,0;0,0;0,0;0,0
Андрей Колесниченко;Игроки;Luke Humphries;Gian van Veen;Wessel Nijman;Ross Smith;James Wade;Raymond van Barneveld;Gyorgy Jehirszki;Jani Haavisto;Alex Fehlmann;Bruno Stockli;Roman Wellinger
Андрей Колесниченко;Стоимость игроков;30,0;25,7;25,1;22,9;21,8;7,6;3,9;3,5;3,2;3,1;3,0;149,8
Андрей Колесниченко;Очки игроков;0,0;0,0;0,0;0,0;0,0;0,0;0,0;0,0;0,0;0,0;0,0;0,0
Андрей Колесниченкодва;Игроки;Luke Humphries;Gian van Veen;Wessel Nijman;Danny Noppert;Martin Schindler;Cameron Menzies;Rob Owen;Maik Kuivenhoven;Nick Kenny;Mario Vandenbogaerde;Jani Haavisto
Андрей Колесниченкодва;Стоимость игроков;30,0;25,7;25,1;18,4;14,8;13,4;5,4;5,3;4,2;4,0;3,5;149,8
Андрей Колесниченкодва;Очки игроков;0,0;0,0;0,0;0,0;0,0;0,0;0,0;0,0;0,0;0,0;0,0;0,0
Павел Молодцов;Игроки;Wessel Nijman;Ross Smith;James Wade;Danny Noppert;Chris Dobey;Niko Springer;Joe Cullen;Jeffrey de Graaf;Cristo Reyes;Jani Haavisto;Bruno Stockli
Павел Молодцов;Стоимость игроков;25,1;22,9;21,8;18,4;16,9;11,3;10,3;9,0;7,5;3,5;3,1;149,8
Павел Молодцов;Очки игроков;0,0;0,0;0,0;0,0;0,0;0,0;0,0;0,0;0,0;0,0;0,0;0,0
Сергей Пешков;Игроки;Luke Humphries;Wessel Nijman;James Wade;Danny Noppert;Niels Zonneveld;Joe Cullen;Dave Chisnall;William O'Connor;Rob Owen;Nick Kenny;Mario Vandenbogaerde
Сергей Пешков;Стоимость игроков;30,0;25,1;21,8;18,4;11,9;10,3;9,8;8,9;5,4;4,2;4,0;149,8
Сергей Пешков;Очки игроков;0,0;0,0;0,0;0,0;0,0;0,0;0,0;0,0;0,0;0,0;0,0;0,0
Виктор Фомин;Игроки;Luke Humphries;James Wade;Jonny Clayton;Josh Rock;Damon Heta;Niels Zonneveld;Niko Springer;Mensur Suljovic;Alan Soutar;Rob Owen;Mario Vandenbogaerde
Виктор Фомин;Стоимость игроков;30,0;21,8;21,0;18,0;12,1;11,9;11,3;8,2;6,1;5,4;4,0;149,8
Виктор Фомин;Очки игроков;0,0;0,0;0,0;0,0;0,0;0,0;0,0;0,0;0,0;0,0;0,0;0,0
Юрий Вязовский;Игроки;James Wade;Jonny Clayton;Michael van Gerwen;Josh Rock;Damon Heta;Niko Springer;Andrew Gilding;Joe Cullen;Jeffrey de Graaf;William O'Connor;Cristo Reyes
Юрий Вязовский;Стоимость игроков;21,8;21,0;19,2;18,0;12,1;11,3;10,6;10,3;9,0;8,9;7,5;149,7
Юрий Вязовский;Очки игроков;0,0;0,0;0,0;0,0;0,0;0,0;0,0;0,0;0,0;0,0;0,0;0,0
Юрий Поршнев;Игроки;Luke Humphries;Gian van Veen;Michael van Gerwen;Danny Noppert;Luke Woodhouse;Michael Smith;Sebastian Bialecki;Tom Bissell;Bradley Brooks;Nick Kenny;Jani Haavisto
Юрий Поршнев;Стоимость игроков;30,0;25,7;19,2;18,4;17,5;10,8;9,1;6,7;4,6;4,2;3,5;149,7
Юрий Поршнев;Очки игроков;0,0;0,0;0,0;0,0;0,0;0,0;0,0;0,0;0,0;0,0;0,0;0,0
Михаил Смирнов;Игроки;Luke Humphries;Gian van Veen;James Wade;Jonny Clayton;Rob Cross;Jeffrey de Graaf;William O'Connor;Tom Bissell;Alan Soutar;Mario Vandenbogaerde;Jani Haavisto
Михаил Смирнов;Стоимость игроков;30,0;25,7;21,8;21,0;13,0;9,0;8,9;6,7;6,1;4,0;3,5;149,7
Михаил Смирнов;Очки игроков;0,0;0,0;0,0;0,0;0,0;0,0;0,0;0,0;0,0;0,0;0,0;0,0
Bruce Wayne;Игроки;Luke Humphries;Jonny Clayton;Michael van Gerwen;Danny Noppert;Ryan Searle;Jermaine Wattimena;Dirk van Duijvenbode;Alan Soutar;Mario Vandenbogaerde;Gyorgy Jehirszki;Jani Haavisto
Bruce Wayne;Стоимость игроков;30,0;21,0;19,2;18,4;16,3;16,0;11,2;6,1;4,0;3,9;3,5;149,6
Bruce Wayne;Очки игроков;0,0;0,0;0,0;0,0;0,0;0,0;0,0;0,0;0,0;0,0;0,0;0,0
Александр Жмарёв;Игроки;Luke Humphries;James Wade;Jonny Clayton;Ryan Searle;Jermaine Wattimena;Niko Springer;Karel Sedlacek;Cristo Reyes;Tom Bissell;Alan Soutar;Bradley Brooks
Александр Жмарёв;Стоимость игроков;30,0;21,8;21,0;16,3;16,0;11,3;8,3;7,5;6,7;6,1;4,6;149,6
Александр Жмарёв;Очки игроков;0,0;0,0;0,0;0,0;0,0;0,0;0,0;0,0;0,0;0,0;0,0;0,0
Артём Кондратов;Игроки;Wessel Nijman;James Wade;Stephen Bunting;Chris Dobey;Rob Cross;Damon Heta;Dave Chisnall;Sebastian Bialecki;William O'Connor;Cristo Reyes;Tom Bissell
Артём Кондратов;Стоимость игроков;25,1;21,8;18,7;16,9;13,0;12,1;9,8;9,1;8,9;7,5;6,7;149,6
Артём Кондратов;Очки игроков;0,0;0,0;0,0;0,0;0,0;0,0;0,0;0,0;0,0;0,0;0,0;0,0
Рома Придачин;Игроки;Luke Humphries;Gian van Veen;Wessel Nijman;Jermaine Wattimena;Dirk van Duijvenbode;Andrew Gilding;Mensur Suljovic;Cristo Reyes;Tom Bissell;Bradley Brooks;Mario Vandenbogaerde
Рома Придачин;Стоимость игроков;30,0;25,7;25,1;16,0;11,2;10,6;8,2;7,5;6,7;4,6;4,0;149,6
Рома Придачин;Очки игроков;0,0;0,0;0,0;0,0;0,0;0,0;0,0;0,0;0,0;0,0;0,0;0,0
Elvira Okotetto;Игроки;Luke Humphries;Gian van Veen;Stephen Bunting;Chris Dobey;Cameron Menzies;Niels Zonneveld;Andrew Gilding;Mensur Suljovic;Tom Bissell;Gyorgy Jehirszki;Jani Haavisto
Elvira Okotetto;Стоимость игроков;30,0;25,7;18,7;16,9;13,4;11,9;10,6;8,2;6,7;3,9;3,5;149,5
Elvira Okotetto;Очки игроков;0,0;0,0;0,0;0,0;0,0;0,0;0,0;0,0;0,0;0,0;0,0;0,0
Игорь Мошков;Игроки;Wessel Nijman;Danny Noppert;Chris Dobey;Jermaine Wattimena;Rob Cross;Kevin Doets;Niko Springer;Dirk van Duijvenbode;Jeffrey de Graaf;William O'Connor;Cristo Reyes
Игорь Мошков;Стоимость игроков;25,1;18,4;16,9;16,0;13,0;12,2;11,3;11,2;9,0;8,9;7,5;149,5
Игорь Мошков;Очки игроков;0,0;0,0;0,0;0,0;0,0;0,0;0,0;0,0;0,0;0,0;0,0;0,0
Владимир Сверчков;Игроки;Luke Humphries;James Wade;Jonny Clayton;Danny Noppert;Kevin Doets;Dirk van Duijvenbode;Jeffrey de Graaf;Karel Sedlacek;Cristo Reyes;Alan Soutar;Mario Vandenbogaerde
Владимир Сверчков;Стоимость игроков;30,0;21,8;21,0;18,4;12,2;11,2;9,0;8,3;7,5;6,1;4,0;149,5
Владимир Сверчков;Очки игроков;0,0;0,0;0,0;0,0;0,0;0,0;0,0;0,0;0,0;0,0;0,0;0,0
Макс Мацюсь;Игроки;Luke Humphries;Gian van Veen;Jonny Clayton;Danny Noppert;Dirk van Duijvenbode;Joe Cullen;Jeffrey de Graaf;Karel Sedlacek;Alan Soutar;Rob Owen;Mario Vandenbogaerde
Макс Мацюсь;Стоимость игроков;30,0;25,7;21,0;18,4;11,2;10,3;9,0;8,3;6,1;5,4;4,0;149,4
Макс Мацюсь;Очки игроков;0,0;0,0;0,0;0,0;0,0;0,0;0,0;0,0;0,0;0,0;0,0;0,0
Олег Шляпин;Игроки;Luke Humphries;Ross Smith;James Wade;Jonny Clayton;Niels Zonneveld;Niko Springer;Sebastian Bialecki;Cristo Reyes;Rob Owen;Sietse Lap;Jani Haavisto
Олег Шляпин;Стоимость игроков;30,0;22,9;21,8;21,0;11,9;11,3;9,1;7,5;5,4;5,0;3,5;149,4
Олег Шляпин;Очки игроков;0,0;0,0;0,0;0,0;0,0;0,0;0,0;0,0;0,0;0,0;0,0;0,0
Владислав Желудев;Игроки;Luke Humphries;James Wade;Jonny Clayton;Michael van Gerwen;Cameron Menzies;Niels Zonneveld;Joe Cullen;Sebastian Bialecki;Alan Soutar;Jani Haavisto;Roman Wellinger
Владислав Желудев;Стоимость игроков;30,0;21,8;21,0;19,2;13,4;11,9;10,3;9,1;6,1;3,5;3,0;149,3
Владислав Желудев;Очки игроков;0,0;0,0;0,0;0,0;0,0;0,0;0,0;0,0;0,0;0,0;0,0;0,0
Светлана Жиделева;Игроки;Jonny Clayton;Josh Rock;Luke Woodhouse;Chris Dobey;Ryan Searle;Jermaine Wattimena;Martin Schindler;Krzysztof Ratajski;Alan Soutar;Bradley Brooks;Mario Vandenbogaerde
Светлана Жиделева;Стоимость игроков;21,0;18,0;17,5;16,9;16,3;16,0;14,8;14,1;6,1;4,6;4,0;149,3
Светлана Жиделева;Очки игроков;0,0;0,0;0,0;0,0;0,0;0,0;0,0;0,0;0,0;0,0;0,0;0,0
Рустам Якупов;Игроки;Luke Humphries;Ross Smith;Jonny Clayton;Jermaine Wattimena;Krzysztof Ratajski;Rob Cross;Niels Zonneveld;Jeffrey de Graaf;Mario Vandenbogaerde;Gyorgy Jehirszki;Jani Haavisto
Рустам Якупов;Стоимость игроков;30,0;22,9;21,0;16,0;14,1;13,0;11,9;9,0;4,0;3,9;3,5;149,3
Рустам Якупов;Очки игроков;0,0;0,0;0,0;0,0;0,0;0,0;0,0;0,0;0,0;0,0;0,0;0,0
Александр Вьюгин;Игроки;Luke Humphries;Ross Smith;Josh Rock;Jermaine Wattimena;Martin Schindler;Niels Zonneveld;Sebastian Bialecki;Jeffrey de Graaf;Cristo Reyes;Maik Kuivenhoven;Bradley Brooks
Александр Вьюгин;Стоимость игроков;30,0;22,9;18,0;16,0;14,8;11,9;9,1;9,0;7,5;5,3;4,6;149,1
Александр Вьюгин;Очки игроков;0,0;0,0;0,0;0,0;0,0;0,0;0,0;0,0;0,0;0,0;0,0;0,0
Максим Редькин;Игроки;Gian van Veen;James Wade;Jonny Clayton;Danny Noppert;Krzysztof Ratajski;Niels Zonneveld;Sebastian Bialecki;William O'Connor;Tom Bissell;Alan Soutar;Rob Owen
Максим Редькин;Стоимость игроков;25,7;21,8;21,0;18,4;14,1;11,9;9,1;8,9;6,7;6,1;5,4;149,1
Максим Редькин;Очки игроков;0,0;0,0;0,0;0,0;0,0;0,0;0,0;0,0;0,0;0,0;0,0;0,0
Сергей Шорин;Игроки;Luke Humphries;Ross Smith;James Wade;Jonny Clayton;Chris Dobey;Karel Sedlacek;Cristo Reyes;Tom Bissell;Rob Owen;Bradley Brooks;Mario Vandenbogaerde
Сергей Шорин;Стоимость игроков;30,0;22,9;21,8;21,0;16,9;8,3;7,5;6,7;5,4;4,6;4,0;149,1
Сергей Шорин;Очки игроков;0,0;0,0;0,0;0,0;0,0;0,0;0,0;0,0;0,0;0,0;0,0;0,0
Максим Алдошин;Игроки;Gian van Veen;Ross Smith;Jonny Clayton;Danny Noppert;Kevin Doets;Dirk van Duijvenbode;Jeffrey de Graaf;Karel Sedlacek;Mensur Suljovic;Cristo Reyes;Bradley Brooks
Максим Алдошин;Стоимость игроков;25,7;22,9;21,0;18,4;12,2;11,2;9,0;8,3;8,2;7,5;4,6;149,0
Максим Алдошин;Очки игроков;0,0;0,0;0,0;0,0;0,0;0,0;0,0;0,0;0,0;0,0;0,0;0,0
Oleg Corcevoi;Игроки;Luke Humphries;Jonny Clayton;Stephen Bunting;Jermaine Wattimena;Damon Heta;Niels Zonneveld;Andrew Gilding;Joe Cullen;Mensur Suljovic;Alan Soutar;Mario Vandenbogaerde
Oleg Corcevoi;Стоимость игроков;30,0;21,0;18,7;16,0;12,1;11,9;10,6;10,3;8,2;6,1;4,0;148,9
Oleg Corcevoi;Очки игроков;0,0;0,0;0,0;0,0;0,0;0,0;0,0;0,0;0,0;0,0;0,0;0,0
Андрей Асямолов;Игроки;Gian van Veen;Jonny Clayton;Danny Noppert;Ryan Searle;Krzysztof Ratajski;Kevin Doets;Dirk van Duijvenbode;William O'Connor;Karel Sedlacek;Mensur Suljovic;Bradley Brooks
Андрей Асямолов;Стоимость игроков;25,7;21,0;18,4;16,3;14,1;12,2;11,2;8,9;8,3;8,2;4,6;148,9
Андрей Асямолов;Очки игроков;0,0;0,0;0,0;0,0;0,0;0,0;0,0;0,0;0,0;0,0;0,0;0,0
Сергей Лубков;Игроки;Luke Humphries;Gian van Veen;James Wade;Josh Rock;Niels Zonneveld;Jeffrey de Graaf;William O'Connor;Cristo Reyes;Tom Bissell;Rob Owen;Mario Vandenbogaerde
Сергей Лубков;Стоимость игроков;30,0;25,7;21,8;18,0;11,9;9,0;8,9;7,5;6,7;5,4;4,0;148,9
Сергей Лубков;Очки игроков;0,0;0,0;0,0;0,0;0,0;0,0;0,0;0,0;0,0;0,0;0,0;0,0
Василий Сычёв;Игроки;James Wade;Michael van Gerwen;Luke Woodhouse;Chris Dobey;Martin Schindler;Kevin Doets;Damon Heta;Niels Zonneveld;Jeffrey de Graaf;William O'Connor;Bradley Brooks
Василий Сычёв;Стоимость игроков;21,8;19,2;17,5;16,9;14,8;12,2;12,1;11,9;9,0;8,9;4,6;148,9
Василий Сычёв;Очки игроков;0,0;0,0;0,0;0,0;0,0;0,0;0,0;0,0;0,0;0,0;0,0;0,0
Ваня Шушняев;Игроки;James Wade;Jonny Clayton;Danny Noppert;Luke Woodhouse;Martin Schindler;Cameron Menzies;Kevin Doets;Michael Smith;Karel Sedlacek;Alan Soutar;Bradley Brooks
Ваня Шушняев;Стоимость игроков;21,8;21,0;18,4;17,5;14,8;13,4;12,2;10,8;8,3;6,1;4,6;148,9
Ваня Шушняев;Очки игроков;0,0;0,0;0,0;0,0;0,0;0,0;0,0;0,0;0,0;0,0;0,0;0,0
Костя Виноградов;Игроки;Gian van Veen;Ross Smith;James Wade;Danny Noppert;Josh Rock;Luke Woodhouse;Tom Bissell;Sietse Lap;Bradley Brooks;Nick Kenny;Gyorgy Jehirszki
Костя Виноградов;Стоимость игроков;25,7;22,9;21,8;18,4;18,0;17,5;6,7;5,0;4,6;4,2;3,9;148,7
Костя Виноградов;Очки игроков;0,0;0,0;0,0;0,0;0,0;0,0;0,0;0,0;0,0;0,0;0,0;0,0
Дмитрий Корышев;Игроки;Jonny Clayton;Michael van Gerwen;Stephen Bunting;Danny Noppert;Josh Rock;Chris Dobey;Joe Cullen;Dave Chisnall;Raymond van Barneveld;Bradley Brooks;Nick Kenny
Дмитрий Корышев;Стоимость игроков;21,0;19,2;18,7;18,4;18,0;16,9;10,3;9,8;7,6;4,6;4,2;148,7
Дмитрий Корышев;Очки игроков;0,0;0,0;0,0;0,0;0,0;0,0;0,0;0,0;0,0;0,0;0,0;0,0
Игорь Онешко;Игроки;Gian van Veen;Michael van Gerwen;Stephen Bunting;Ryan Searle;Rob Cross;Niels Zonneveld;Michael Smith;Joe Cullen;William O'Connor;Karel Sedlacek;Stefan Bellmont
Игорь Онешко;Стоимость игроков;25,7;19,2;18,7;16,3;13,0;11,9;10,8;10,3;8,9;8,3;5,5;148,6
Игорь Онешко;Очки игроков;0,0;0,0;0,0;0,0;0,0;0,0;0,0;0,0;0,0;0,0;0,0;0,0
Фаниль Фатыхов;Игроки;Luke Humphries;Ross Smith;Josh Rock;Luke Woodhouse;Niels Zonneveld;Niko Springer;Dirk van Duijvenbode;Jeffrey de Graaf;Cristo Reyes;Rob Owen;Gyorgy Jehirszki
Фаниль Фатыхов;Стоимость игроков;30,0;22,9;18,0;17,5;11,9;11,3;11,2;9,0;7,5;5,4;3,9;148,6
Фаниль Фатыхов;Очки игроков;0,0;0,0;0,0;0,0;0,0;0,0;0,0;0,0;0,0;0,0;0,0;0,0
Vladislav Lyapunov;Игроки;Luke Humphries;Ross Smith;Josh Rock;Luke Woodhouse;Damon Heta;Niels Zonneveld;Jeffrey de Graaf;William O'Connor;Tom Bissell;Alan Soutar;Rob Owen
Vladislav Lyapunov;Стоимость игроков;30,0;22,9;18,0;17,5;12,1;11,9;9,0;8,9;6,7;6,1;5,4;148,5
Vladislav Lyapunov;Очки игроков;0,0;0,0;0,0;0,0;0,0;0,0;0,0;0,0;0,0;0,0;0,0;0,0
Александр Громов;Игроки;Gian van Veen;Ross Smith;Jonny Clayton;Danny Noppert;Kevin Doets;Niels Zonneveld;Jeffrey de Graaf;Karel Sedlacek;Cristo Reyes;Alan Soutar;Rob Owen
Александр Громов;Стоимость игроков;25,7;22,9;21,0;18,4;12,2;11,9;9,0;8,3;7,5;6,1;5,4;148,4
Александр Громов;Очки игроков;0,0;0,0;0,0;0,0;0,0;0,0;0,0;0,0;0,0;0,0;0,0;0,0
Андрей Малышев;Игроки;Luke Humphries;Ross Smith;Michael van Gerwen;Jermaine Wattimena;Rob Cross;Andrew Gilding;Joe Cullen;Mensur Suljovic;Cristo Reyes;Alan Soutar;Bradley Brooks
Андрей Малышев;Стоимость игроков;30,0;22,9;19,2;16,0;13,0;10,6;10,3;8,2;7,5;6,1;4,6;148,4
Андрей Малышев;Очки игроков;0,0;0,0;0,0;0,0;0,0;0,0;0,0;0,0;0,0;0,0;0,0;0,0
Тимур Исмаилов;Игроки;Gian van Veen;Ross Smith;James Wade;Jonny Clayton;Josh Rock;Andrew Gilding;Cristo Reyes;Tom Bissell;Rob Owen;Bradley Brooks;Mario Vandenbogaerde
Тимур Исмаилов;Стоимость игроков;25,7;22,9;21,8;21,0;18,0;10,6;7,5;6,7;5,4;4,6;4,0;148,2
Тимур Исмаилов;Очки игроков;0,0;0,0;0,0;0,0;0,0;0,0;0,0;0,0;0,0;0,0;0,0;0,0
Alicus Lomov;Игроки;Gian van Veen;Michael van Gerwen;Stephen Bunting;Josh Rock;Jermaine Wattimena;Rob Cross;Kevin Doets;Sebastian Bialecki;Cristo Reyes;Bradley Brooks;Mario Vandenbogaerde
Alicus Lomov;Стоимость игроков;25,7;19,2;18,7;18,0;16,0;13,0;12,2;9,1;7,5;4,6;4,0;148,0
Alicus Lomov;Очки игроков;0,0;0,0;0,0;0,0;0,0;0,0;0,0;0,0;0,0;0,0;0,0;0,0
Роман Изутов;Игроки;Jonny Clayton;Danny Noppert;Josh Rock;Chris Dobey;Jermaine Wattimena;Cameron Menzies;Kevin Doets;William O'Connor;Karel Sedlacek;Mensur Suljovic;Tom Bissell
Роман Изутов;Стоимость игроков;21,0;18,4;18,0;16,9;16,0;13,4;12,2;8,9;8,3;8,2;6,7;148,0
Роман Изутов;Очки игроков;0,0;0,0;0,0;0,0;0,0;0,0;0,0;0,0;0,0;0,0;0,0;0,0
Виталя Медведевских;Игроки;Ross Smith;Jonny Clayton;Michael van Gerwen;Ryan Searle;Jermaine Wattimena;Kevin Doets;Niko Springer;Dave Chisnall;Mensur Suljovic;Alan Soutar;Sietse Lap
Виталя Медведевских;Стоимость игроков;22,9;21,0;19,2;16,3;16,0;12,2;11,3;9,8;8,2;6,1;5,0;148,0
Виталя Медведевских;Очки игроков;0,0;0,0;0,0;0,0;0,0;0,0;0,0;0,0;0,0;0,0;0,0;0,0
Евгений Шестаков;Игроки;Ross Smith;Jonny Clayton;Chris Dobey;Jermaine Wattimena;Martin Schindler;Damon Heta;Niko Springer;Andrew Gilding;Dave Chisnall;Cristo Reyes;Sietse Lap
Евгений Шестаков;Стоимость игроков;22,9;21,0;16,9;16,0;14,8;12,1;11,3;10,6;9,8;7,5;5,0;147,9
Евгений Шестаков;Очки игроков;0,0;0,0;0,0;0,0;0,0;0,0;0,0;0,0;0,0;0,0;0,0;0,0
Дмитрий Шмелев;Игроки;Luke Humphries;James Wade;Jonny Clayton;Cameron Menzies;Niels Zonneveld;Michael Smith;Jeffrey de Graaf;William O'Connor;Karel Sedlacek;Tom Bissell;Alan Soutar
Дмитрий Шмелев;Стоимость игроков;30,0;21,8;21,0;13,4;11,9;10,8;9,0;8,9;8,3;6,7;6,1;147,9
Дмитрий Шмелев;Очки игроков;0,0;0,0;0,0;0,0;0,0;0,0;0,0;0,0;0,0;0,0;0,0;0,0
Александр Агапов;Игроки;Gian van Veen;Ross Smith;Danny Noppert;Jermaine Wattimena;Rob Cross;Kevin Doets;Niels Zonneveld;Jeffrey de Graaf;Cristo Reyes;Rob Owen;Maik Kuivenhoven
Александр Агапов;Стоимость игроков;25,7;22,9;18,4;16,0;13,0;12,2;11,9;9,0;7,5;5,4;5,3;147,3
Александр Агапов;Очки игроков;0,0;0,0;0,0;0,0;0,0;0,0;0,0;0,0;0,0;0,0;0,0;0,0
Mikhail Dudoladov;Игроки;Gian van Veen;Ross Smith;Jonny Clayton;Ryan Searle;Kevin Doets;Damon Heta;Dirk van Duijvenbode;Jeffrey de Graaf;Mensur Suljovic;Bradley Brooks;Mario Vandenbogaerde
Mikhail Dudoladov;Стоимость игроков;25,7;22,9;21,0;16,3;12,2;12,1;11,2;9,0;8,2;4,6;4,0;147,2
Mikhail Dudoladov;Очки игроков;0,0;0,0;0,0;0,0;0,0;0,0;0,0;0,0;0,0;0,0;0,0;0,0
Андрей Цымбалов;Игроки;Gian van Veen;Ross Smith;Josh Rock;Luke Woodhouse;Jermaine Wattimena;Kevin Doets;Niels Zonneveld;Cristo Reyes;Stefan Bellmont;Rob Owen;Bradley Brooks
Андрей Цымбалов;Стоимость игроков;25,7;22,9;18,0;17,5;16,0;12,2;11,9;7,5;5,5;5,4;4,6;147,2
Андрей Цымбалов;Очки игроков;0,0;0,0;0,0;0,0;0,0;0,0;0,0;0,0;0,0;0,0;0,0;0,0
Дмитрий Тулаев;Игроки;Wessel Nijman;Ross Smith;Danny Noppert;Martin Schindler;Krzysztof Ratajski;Rob Cross;Dirk van Duijvenbode;Mensur Suljovic;Cristo Reyes;Rob Owen;Bradley Brooks
Дмитрий Тулаев;Стоимость игроков;25,1;22,9;18,4;14,8;14,1;13,0;11,2;8,2;7,5;5,4;4,6;145,2
Дмитрий Тулаев;Очки игроков;0,0;0,0;0,0;0,0;0,0;0,0;0,0;0,0;0,0;0,0;0,0;0,0
Борис Рассомахин;Игроки;Jonny Clayton;Josh Rock;Ryan Searle;Rob Cross;Kevin Doets;Damon Heta;Niels Zonneveld;Niko Springer;Dirk van Duijvenbode;Sebastian Bialecki;William O'Connor
Борис Рассомахин;Стоимость игроков;21,0;18,0;16,3;13,0;12,2;12,1;11,9;11,3;11,2;9,1;8,9;145,0
Борис Рассомахин;Очки игроков;0,0;0,0;0,0;0,0;0,0;0,0;0,0;0,0;0,0;0,0;0,0;0,0
Владимир Еременко;Игроки;Ross Smith;James Wade;Kevin Doets;Niko Springer;Michael Smith;Joe Cullen;Jeffrey de Graaf;Karel Sedlacek;Alan Soutar;Stefan Bellmont;Nick Kenny
Владимир Еременко;Стоимость игроков;22,9;21,8;12,2;11,3;10,8;10,3;9,0;8,3;6,1;5,5;4,2;122,4
Владимир Еременко;Очки игроков;0,0;0,0;0,0;0,0;0,0;0,0;0,0;0,0;0,0;0,0;0,0;0,0

Ссылка на турнир;http://d2.dev.lapki.su/tournament/18
Окончание турнира;2026-10-09 11:00;Swiss Darts Trophy;150,0;11
Время выгрузки;2026-10-09 11:03
